subgroup,level,treatment,n_treatment,n_control,treatment_conversion,control_conversion,absolute_conversion_lift,treatment_spend,control_spend,absolute_spend_lift
newbie,0,Mens E-Mail,10621,10611,0.013934657753507202,0.007727829610781264,0.006206828142725938,1.5133170134638925,0.9353501083780982,0.5779669050857943
newbie,0,Womens E-Mail,10624,10611,0.008659638554216868,0.007727829610781264,0.0009318089434356032,1.0493072289156626,0.9353501083780982,0.11395712053756446
newbie,1,Mens E-Mail,10686,10695,0.011136065880591428,0.0037400654511453952,0.007396000429446033,1.3324677147669848,0.37244787283777464,0.9600198419292101
newbie,1,Womens E-Mail,10763,10695,0.009012357149493635,0.0037400654511453952,0.00527229169834824,1.1047356684939145,0.37244787283777464,0.7322877956561398
channel,Multichannel,Mens E-Mail,2577,2606,0.017074117190531625,0.006907137375287797,0.010166979815243827,1.824870003880481,0.6157405986185724,1.2091294052619086
channel,Multichannel,Womens E-Mail,2579,2606,0.013958898797983715,0.006907137375287797,0.0070517614226959175,1.7732764637456377,0.6157405986185724,1.1575358651270653
channel,Phone,Mens E-Mail,9240,9327,0.010822510822510822,0.005360780529645117,0.005461730292865705,1.2085270562770565,0.6444526643079231,0.5640743919691333
channel,Phone,Womens E-Mail,9454,9327,0.00708694732388407,0.005360780529645117,0.0017261667942389536,0.8769261688174319,0.6444526643079231,0.23247350450950877
channel,Web,Mens E-Mail,9490,9373,0.012961011591148578,0.005761229062199936,0.007199782528948642,1.5218345626975762,0.6713858956577403,0.8504486670398359
channel,Web,Womens E-Mail,9354,9373,0.009193927731451786,0.005761229062199936,0.0034326986692518498,1.087702587128501,0.6713858956577403,0.4163166914707608
history_segment,1) $0 - $100,Mens E-Mail,7724,7612,0.009192128430864838,0.004203888596952181,0.004988239833912657,1.0551760745727603,0.516893063583815,0.5382830109889453
history_segment,1) $0 - $100,Womens E-Mail,7634,7612,0.007990568509300498,0.004203888596952181,0.003786679912348317,1.142712863505371,0.516893063583815,0.6258197999215559
history_segment,2) $100 - $200,Mens E-Mail,4691,4836,0.008953314858239182,0.0041356492969396195,0.004817665561299562,1.127143466211895,0.42289495450785775,0.7042485117040373
history_segment,2) $100 - $200,Womens E-Mail,4727,4836,0.007827374656230167,0.0041356492969396195,0.0036917253592905477,0.8812883435582823,0.42289495450785775,0.4583933890504246
history_segment,3) $200 - $350,Mens E-Mail,4090,4044,0.015403422982885086,0.006923837784371909,0.008479585198513176,1.4694621026894867,0.9328808110781406,0.5365812916113462
history_segment,3) $200 - $350,Womens E-Mail,4155,4044,0.006257521058965102,0.006923837784371909,-0.0006663167254068068,0.6097400722021661,0.9328808110781406,-0.3231407388759745
history_segment,4) $350 - $500,Mens E-Mail,2097,2124,0.020028612303290415,0.011299435028248588,0.008729177275041827,2.579208392942298,1.0102683615819208,1.5689400313603774
history_segment,4) $350 - $500,Womens E-Mail,2188,2124,0.009140767824497258,0.011299435028248588,-0.0021586672037513296,0.9093784277879342,1.0102683615819208,-0.10088993379398659
history_segment,5) $500 - $750,Mens E-Mail,1597,1652,0.013775829680651221,0.005447941888619854,0.008327887792031367,1.6418659987476518,0.5388559322033899,1.103010066544262
history_segment,5) $500 - $750,Womens E-Mail,1662,1652,0.015643802647412757,0.005447941888619854,0.010195860758792903,1.8245066185318892,0.5388559322033899,1.2856506863284993
history_segment,"6) $750 - $1,000",Mens E-Mail,644,622,0.024844720496894408,0.00482315112540193,0.02002156937149248,1.8836801242236023,0.3495337620578778,1.5341463621657245
history_segment,"6) $750 - $1,000",Womens E-Mail,593,622,0.013490725126475547,0.00482315112540193,0.008667574001073618,0.9977908937605398,0.3495337620578778,0.648257131702662
history_segment,"7) $1,000 +",Mens E-Mail,464,416,0.023706896551724137,0.014423076923076924,0.009283819628647213,3.491875,2.169807692307692,1.3220673076923077
history_segment,"7) $1,000 +",Womens E-Mail,428,416,0.02570093457943925,0.014423076923076924,0.011277857656362328,4.676588785046729,2.169807692307692,2.5067810927390366
zip_code,Rural,Mens E-Mail,3243,3139,0.013567684242984891,0.00828289264096846,0.00528479160201643,1.5226364477335799,0.7671360305829882,0.7555004171505917
zip_code,Rural,Womens E-Mail,3181,3139,0.011631562401760453,0.00828289264096846,0.003348669760791992,1.2819773656082991,0.7671360305829882,0.5148413350253109
zip_code,Surburban,Mens E-Mail,9501,9625,0.012419745289969477,0.004987012987012987,0.00743273230295649,1.4732901799810545,0.669442077922078,0.8038481020589765
zip_code,Surburban,Womens E-Mail,9650,9625,0.0075647668393782385,0.004987012987012987,0.0025777538523652516,0.8466134715025907,0.669442077922078,0.1771713935805127
zip_code,Urban,Mens E-Mail,8563,8542,0.012262057690061895,0.005619292905642706,0.006642764784419188,1.328512203666939,0.5920053851557012,0.7365068185112378
zip_code,Urban,Womens E-Mail,8556,8542,0.009233286582515194,0.005619292905642706,0.003613993676872488,1.2611407199625992,0.5920053851557012,0.669135334806898
